Q7-Q2 -LifeSciences.rq	None	180.000467062	0	
Q7-Q2 -LifeSciences.rq	0.420768976212	1.06960988045	6	
